dataset_id,column_name,physical_ingest_type,inferred_semantic_type,row_count,blank_count,blank_rate,suppressed_token_count,distinct_nonblank_count,numeric_parse_success_count,numeric_parse_eligible_count,numeric_parse_success_rate,date_parse_success_count,date_parse_eligible_count,date_parse_success_rate,top_values_json
4gkm-5ypv,End Date,string,date-like,784,0,0.0,0,2,0,784,0.0,784,784,1.0,"[{""value"": ""06/30/2024"", ""count"": 560}, {""value"": ""12/31/2024"", ""count"": 224}]"
4gkm-5ypv,Footnote,string,string,784,728,0.9285714285714286,0,1,56,56,1.0,0,56,,"[{""value"": ""5"", ""count"": 56}]"
4gkm-5ypv,Measure ID,string,string,784,0,0.0,0,14,0,784,0.0,0,784,,"[{""value"": ""EDAC_30_AMI"", ""count"": 56}, {""value"": ""EDAC_30_HF"", ""count"": 56}, {""value"": ""EDAC_30_PN"", ""count"": 56}, {""value"": ""Hybrid_HWR"", ""count"": 56}, {""value"": ""OP_32"", ""count"": 56}]"
4gkm-5ypv,Measure Name,string,string,784,0,0.0,0,14,0,784,0.0,0,784,,"[{""value"": ""Hospital return days for heart attack patients"", ""count"": 56}, {""value"": ""Hospital return days for heart failure patients"", ""count"": 56}, {""value"": ""Hospital return days for pneumonia patients"", ""count"": 56}, {""value"": ""Hybrid Hospital-Wide All-Cause Readmission Measure (HWR)"", ""count"": 56}, {""value"": ""Rate of unplanned hospital visits after colonoscopy (per 1,000 colonoscopies)"", ""count"": 56}]"
4gkm-5ypv,Number of Hospitals Average,string,string,784,0,0.0,628,57,156,156,1.0,0,156,,"[{""value"": ""Not Applicable"", ""count"": 616}, {""value"": ""Not Available"", ""count"": 12}, {""value"": ""6"", ""count"": 9}, {""value"": ""32"", ""count"": 8}, {""value"": ""2"", ""count"": 6}]"
4gkm-5ypv,Number of Hospitals Better,string,string,784,0,0.0,212,15,572,572,1.0,0,572,,"[{""value"": ""0"", ""count"": 394}, {""value"": ""Not Applicable"", ""count"": 168}, {""value"": ""1"", ""count"": 97}, {""value"": ""Not Available"", ""count"": 44}, {""value"": ""2"", ""count"": 37}]"
4gkm-5ypv,Number of Hospitals Fewer,string,string,784,0,0.0,628,39,156,156,1.0,0,156,,"[{""value"": ""Not Applicable"", ""count"": 616}, {""value"": ""6"", ""count"": 13}, {""value"": ""3"", ""count"": 12}, {""value"": ""Not Available"", ""count"": 12}, {""value"": ""0"", ""count"": 11}]"
4gkm-5ypv,Number of Hospitals More,string,string,784,0,0.0,628,55,156,156,1.0,0,156,,"[{""value"": ""Not Applicable"", ""count"": 616}, {""value"": ""Not Available"", ""count"": 12}, {""value"": ""3"", ""count"": 10}, {""value"": ""1"", ""count"": 10}, {""value"": ""4"", ""count"": 10}]"
4gkm-5ypv,Number of Hospitals Same,string,string,784,0,0.0,212,147,572,572,1.0,0,572,,"[{""value"": ""Not Applicable"", ""count"": 168}, {""value"": ""Not Available"", ""count"": 44}, {""value"": ""7"", ""count"": 16}, {""value"": ""8"", ""count"": 16}, {""value"": ""6"", ""count"": 15}]"
4gkm-5ypv,Number of Hospitals Too Few,string,string,784,0,0.0,212,89,572,572,1.0,0,572,,"[{""value"": ""Not Applicable"", ""count"": 168}, {""value"": ""Not Available"", ""count"": 44}, {""value"": ""0"", ""count"": 38}, {""value"": ""1"", ""count"": 37}, {""value"": ""7"", ""count"": 23}]"
4gkm-5ypv,Number of Hospitals Too Small,string,string,784,0,0.0,628,69,156,156,1.0,0,156,,"[{""value"": ""Not Applicable"", ""count"": 616}, {""value"": ""Not Available"", ""count"": 12}, {""value"": ""1"", ""count"": 7}, {""value"": ""17"", ""count"": 6}, {""value"": ""0"", ""count"": 6}]"
4gkm-5ypv,Number of Hospitals Worse,string,string,784,0,0.0,212,18,572,572,1.0,0,572,,"[{""value"": ""0"", ""count"": 409}, {""value"": ""Not Applicable"", ""count"": 168}, {""value"": ""1"", ""count"": 85}, {""value"": ""Not Available"", ""count"": 44}, {""value"": ""2"", ""count"": 34}]"
4gkm-5ypv,Start Date,string,date-like,784,0,0.0,0,4,0,784,0.0,784,784,1.0,"[{""value"": ""07/01/2021"", ""count"": 504}, {""value"": ""01/01/2024"", ""count"": 168}, {""value"": ""07/01/2023"", ""count"": 56}, {""value"": ""01/01/2022"", ""count"": 56}]"
4gkm-5ypv,State,string,string,784,0,0.0,0,56,0,784,0.0,0,784,,"[{""value"": ""AK"", ""count"": 14}, {""value"": ""AL"", ""count"": 14}, {""value"": ""AR"", ""count"": 14}, {""value"": ""AS"", ""count"": 14}, {""value"": ""AZ"", ""count"": 14}]"
632h-zaca,Address,string,string,67088,0,0.0,0,4760,0,67088,0.0,0,67088,,"[{""value"": ""100 HOSPITAL DRIVE"", ""count"": 84}, {""value"": ""200 HOSPITAL DRIVE"", ""count"": 56}, {""value"": ""1 MEDICAL CENTER DRIVE"", ""count"": 42}, {""value"": ""100 MEDICAL CENTER DRIVE"", ""count"": 42}, {""value"": ""ONE HOSPITAL DRIVE"", ""count"": 42}]"
632h-zaca,City/Town,string,string,67088,0,0.0,0,2925,0,67088,0.0,0,67088,,"[{""value"": ""CHICAGO"", ""count"": 420}, {""value"": ""HOUSTON"", ""count"": 350}, {""value"": ""DALLAS"", ""count"": 266}, {""value"": ""PHILADELPHIA"", ""count"": 252}, {""value"": ""LOS ANGELES"", ""count"": 238}]"
632h-zaca,Compared to National,string,string,67088,0,0.0,31857,12,0,35231,0.0,0,35231,,"[{""value"": ""No Different Than the National Rate"", ""count"": 23426}, {""value"": ""Not Available"", ""count"": 15988}, {""value"": ""Number of Cases Too Small"", ""count"": 15026}, {""value"": ""Average Days per 100 Discharges"", ""count"": 3713}, {""value"": ""More Days Than Average per 100 Discharges"", ""count"": 2833}]"
632h-zaca,County/Parish,string,string,67088,0,0.0,0,1547,0,67088,0.0,0,67088,,"[{""value"": ""LOS ANGELES"", ""count"": 1064}, {""value"": ""JEFFERSON"", ""count"": 714}, {""value"": ""COOK"", ""count"": 700}, {""value"": ""WASHINGTON"", ""count"": 658}, {""value"": ""MONTGOMERY"", ""count"": 644}]"
632h-zaca,Denominator,string,string,67088,0,0.0,31857,2734,35231,35231,1.0,0,35231,,"[{""value"": ""Not Available"", ""count"": 31857}, {""value"": ""33"", ""count"": 259}, {""value"": ""31"", ""count"": 258}, {""value"": ""28"", ""count"": 256}, {""value"": ""25"", ""count"": 255}]"
632h-zaca,End Date,string,date-like,67088,0,0.0,0,2,0,67088,0.0,67088,67088,1.0,"[{""value"": ""06/30/2024"", ""count"": 47920}, {""value"": ""12/31/2024"", ""count"": 19168}]"
632h-zaca,Facility ID,string,string,67088,0,0.0,0,4792,64792,67088,0.9657762938230384,0,67088,,"[{""value"": ""010001"", ""count"": 14}, {""value"": ""010005"", ""count"": 14}, {""value"": ""010006"", ""count"": 14}, {""value"": ""010007"", ""count"": 14}, {""value"": ""010011"", ""count"": 14}]"
632h-zaca,Facility Name,string,string,67088,0,0.0,0,4672,0,67088,0.0,0,67088,,"[{""value"": ""MEMORIAL HOSPITAL"", ""count"": 168}, {""value"": ""COMMUNITY MEMORIAL HOSPITAL"", ""count"": 70}, {""value"": ""HOLY CROSS HOSPITAL"", ""count"": 56}, {""value"": ""MERCY MEDICAL CENTER"", ""count"": 56}, {""value"": ""MEMORIAL MEDICAL CENTER"", ""count"": 56}]"
632h-zaca,Footnote,string,string,67088,34496,0.5141903171953256,0,8,32579,32592,0.9996011291114384,0,32592,,"[{""value"": ""1"", ""count"": 15857}, {""value"": ""5"", ""count"": 12759}, {""value"": ""19"", ""count"": 2380}, {""value"": ""7"", ""count"": 848}, {""value"": ""29"", ""count"": 662}]"
632h-zaca,Higher Estimate,string,numeric-like,67088,0,0.0,31857,1562,35231,35231,1.0,0,35231,,"[{""value"": ""Not Available"", ""count"": 31857}, {""value"": ""1.4"", ""count"": 666}, {""value"": ""1.3"", ""count"": 567}, {""value"": ""1.5"", ""count"": 471}, {""value"": ""17.1"", ""count"": 468}]"
632h-zaca,Lower Estimate,string,numeric-like,67088,0,0.0,31857,1392,35231,35231,1.0,0,35231,,"[{""value"": ""Not Available"", ""count"": 31857}, {""value"": ""0.7"", ""count"": 1235}, {""value"": ""0.8"", ""count"": 724}, {""value"": ""13.1"", ""count"": 431}, {""value"": ""13.0"", ""count"": 427}]"
632h-zaca,Measure ID,string,string,67088,0,0.0,0,14,0,67088,0.0,0,67088,,"[{""value"": ""EDAC_30_AMI"", ""count"": 4792}, {""value"": ""EDAC_30_HF"", ""count"": 4792}, {""value"": ""EDAC_30_PN"", ""count"": 4792}, {""value"": ""Hybrid_HWR"", ""count"": 4792}, {""value"": ""OP_32"", ""count"": 4792}]"
632h-zaca,Measure Name,string,string,67088,0,0.0,0,14,0,67088,0.0,0,67088,,"[{""value"": ""Hospital return days for heart attack patients"", ""count"": 4792}, {""value"": ""Hospital return days for heart failure patients"", ""count"": 4792}, {""value"": ""Hospital return days for pneumonia patients"", ""count"": 4792}, {""value"": ""Hybrid Hospital-Wide All-Cause Readmission Measure (HWR)"", ""count"": 4792}, {""value"": ""Rate of unplanned hospital visits after colonoscopy (per 1,000 colonoscopies)"", ""count"": 4792}]"
632h-zaca,Number of Patients,string,string,67088,0,0.0,58753,919,8335,8335,1.0,0,8335,,"[{""value"": ""Not Applicable"", ""count"": 52712}, {""value"": ""Not Available"", ""count"": 6041}, {""value"": ""37"", ""count"": 65}, {""value"": ""30"", ""count"": 65}, {""value"": ""27"", ""count"": 63}]"
632h-zaca,Number of Patients Returned,string,string,67088,0,0.0,58753,367,8335,8335,1.0,0,8335,,"[{""value"": ""Not Applicable"", ""count"": 52712}, {""value"": ""Not Available"", ""count"": 6041}, {""value"": ""11"", ""count"": 167}, {""value"": ""14"", ""count"": 160}, {""value"": ""8"", ""count"": 159}]"
632h-zaca,Score,string,numeric-like,67088,0,0.0,31857,1460,35231,35231,1.0,0,35231,,"[{""value"": ""Not Available"", ""count"": 31857}, {""value"": ""1"", ""count"": 1006}, {""value"": ""0.9"", ""count"": 679}, {""value"": ""1.1"", ""count"": 556}, {""value"": ""14.9"", ""count"": 438}]"
632h-zaca,Start Date,string,date-like,67088,0,0.0,0,4,0,67088,0.0,67088,67088,1.0,"[{""value"": ""07/01/2021"", ""count"": 43128}, {""value"": ""01/01/2024"", ""count"": 14376}, {""value"": ""07/01/2023"", ""count"": 4792}, {""value"": ""01/01/2022"", ""count"": 4792}]"
632h-zaca,State,string,string,67088,0,0.0,0,56,0,67088,0.0,0,67088,,"[{""value"": ""TX"", ""count"": 5684}, {""value"": ""CA"", ""count"": 4732}, {""value"": ""FL"", ""count"": 2674}, {""value"": ""IL"", ""count"": 2478}, {""value"": ""OH"", ""count"": 2296}]"
632h-zaca,Telephone Number,string,string,67088,0,0.0,0,4763,0,67088,0.0,0,67088,,"[{""value"": ""(469) 341-7800"", ""count"": 56}, {""value"": ""(813) 615-7219"", ""count"": 42}, {""value"": ""(334) 684-3655"", ""count"": 28}, {""value"": ""(334) 738-2140"", ""count"": 28}, {""value"": ""(870) 722-3800"", ""count"": 28}]"
632h-zaca,ZIP Code,string,string,67088,0,0.0,0,4384,67088,67088,1.0,0,67088,,"[{""value"": ""77030"", ""count"": 98}, {""value"": ""48201"", ""count"": 70}, {""value"": ""19104"", ""count"": 70}, {""value"": ""76104"", ""count"": 70}, {""value"": ""35233"", ""count"": 56}]"
9n3s-kdb3,End Date,string,date-like,18330,0,0.0,0,1,0,18330,0.0,18330,18330,1.0,"[{""value"": ""06/30/2024"", ""count"": 18330}]"
9n3s-kdb3,Excess Readmission Ratio,string,numeric-like,18330,0,0.0,6610,3253,11720,11720,1.0,0,11720,,"[{""value"": ""N/A"", ""count"": 6610}, {""value"": ""0.9965"", ""count"": 15}, {""value"": ""0.9941"", ""count"": 15}, {""value"": ""0.9925"", ""count"": 14}, {""value"": ""0.9740"", ""count"": 14}]"
9n3s-kdb3,Expected Readmission Rate,string,numeric-like,18330,0,0.0,6610,11230,11720,11720,1.0,0,11720,,"[{""value"": ""N/A"", ""count"": 6610}, {""value"": ""14.2661"", ""count"": 3}, {""value"": ""19.8473"", ""count"": 3}, {""value"": ""14.8936"", ""count"": 3}, {""value"": ""14.6333"", ""count"": 3}]"
9n3s-kdb3,Facility ID,string,string,18330,0,0.0,0,3055,18330,18330,1.0,0,18330,,"[{""value"": ""010001"", ""count"": 6}, {""value"": ""010005"", ""count"": 6}, {""value"": ""010006"", ""count"": 6}, {""value"": ""010007"", ""count"": 6}, {""value"": ""010008"", ""count"": 6}]"
9n3s-kdb3,Facility Name,string,string,18330,0,0.0,0,2995,0,18330,0.0,0,18330,,"[{""value"": ""MEMORIAL HOSPITAL"", ""count"": 36}, {""value"": ""GOOD SAMARITAN HOSPITAL"", ""count"": 24}, {""value"": ""MERCY MEDICAL CENTER"", ""count"": 24}, {""value"": ""ST JOSEPH MEDICAL CENTER"", ""count"": 24}, {""value"": ""SAINT FRANCIS MEDICAL CENTER"", ""count"": 18}]"
9n3s-kdb3,Footnote,string,string,18330,11343,0.6188216039279869,0,4,6987,6987,1.0,0,6987,,"[{""value"": ""5"", ""count"": 3255}, {""value"": ""1"", ""count"": 3150}, {""value"": ""29"", ""count"": 377}, {""value"": ""7"", ""count"": 205}]"
9n3s-kdb3,Measure Name,string,string,18330,0,0.0,0,6,0,18330,0.0,0,18330,,"[{""value"": ""READM-30-HIP-KNEE-HRRP"", ""count"": 3055}, {""value"": ""READM-30-CABG-HRRP"", ""count"": 3055}, {""value"": ""READM-30-AMI-HRRP"", ""count"": 3055}, {""value"": ""READM-30-COPD-HRRP"", ""count"": 3055}, {""value"": ""READM-30-PN-HRRP"", ""count"": 3055}]"
9n3s-kdb3,Number of Discharges,string,numeric-like,18330,0,0.0,10088,1045,8242,8242,1.0,0,8242,,"[{""value"": ""N/A"", ""count"": 10088}, {""value"": ""0"", ""count"": 205}, {""value"": ""99"", ""count"": 43}, {""value"": ""84"", ""count"": 41}, {""value"": ""80"", ""count"": 41}]"
9n3s-kdb3,Number of Readmissions,string,numeric-like,18330,0,0.0,10293,291,8037,8037,1.0,0,8037,,"[{""value"": ""N/A"", ""count"": 6610}, {""value"": ""Too Few to Report"", ""count"": 3683}, {""value"": ""11"", ""count"": 318}, {""value"": ""14"", ""count"": 290}, {""value"": ""12"", ""count"": 263}]"
9n3s-kdb3,Predicted Readmission Rate,string,numeric-like,18330,0,0.0,6610,11261,11720,11720,1.0,0,11720,,"[{""value"": ""N/A"", ""count"": 6610}, {""value"": ""13.6151"", ""count"": 3}, {""value"": ""17.0043"", ""count"": 3}, {""value"": ""16.9716"", ""count"": 3}, {""value"": ""13.0889"", ""count"": 3}]"
9n3s-kdb3,Start Date,string,date-like,18330,0,0.0,0,1,0,18330,0.0,18330,18330,1.0,"[{""value"": ""07/01/2021"", ""count"": 18330}]"
9n3s-kdb3,State,string,string,18330,0,0.0,0,51,0,18330,0.0,0,18330,,"[{""value"": ""TX"", ""count"": 1704}, {""value"": ""CA"", ""count"": 1662}, {""value"": ""FL"", ""count"": 1014}, {""value"": ""PA"", ""count"": 798}, {""value"": ""NY"", ""count"": 774}]"
cvcs-xecj,End Date,string,date-like,14,0,0.0,0,2,0,14,0.0,14,14,1.0,"[{""value"": ""06/30/2024"", ""count"": 10}, {""value"": ""12/31/2024"", ""count"": 4}]"
cvcs-xecj,Footnote,string,string,14,14,1.0,0,0,0,0,,0,0,,[]
cvcs-xecj,Measure ID,string,string,14,0,0.0,0,14,0,14,0.0,0,14,,"[{""value"": ""EDAC_30_AMI"", ""count"": 1}, {""value"": ""EDAC_30_HF"", ""count"": 1}, {""value"": ""EDAC_30_PN"", ""count"": 1}, {""value"": ""Hybrid_HWR"", ""count"": 1}, {""value"": ""OP_32"", ""count"": 1}]"
cvcs-xecj,Measure Name,string,string,14,0,0.0,0,14,0,14,0.0,0,14,,"[{""value"": ""Hospital return days for heart attack patients"", ""count"": 1}, {""value"": ""Hospital return days for heart failure patients"", ""count"": 1}, {""value"": ""Hospital return days for pneumonia patients"", ""count"": 1}, {""value"": ""Hybrid Hospital-Wide All-Cause Readmission Measure (HWR)"", ""count"": 1}, {""value"": ""Rate of unplanned hospital visits after colonoscopy (per 1,000 colonoscopies)"", ""count"": 1}]"
cvcs-xecj,National Rate,string,numeric-like,14,0,0.0,4,11,10,10,1.0,0,10,,"[{""value"": ""Not Applicable"", ""count"": 4}, {""value"": ""15"", ""count"": 1}, {""value"": ""13"", ""count"": 1}, {""value"": ""10.7"", ""count"": 1}, {""value"": ""5.4"", ""count"": 1}]"
cvcs-xecj,Number of Hospitals Average,string,string,14,0,0.0,11,4,3,3,1.0,0,3,,"[{""value"": ""Not Applicable"", ""count"": 11}, {""value"": ""736"", ""count"": 1}, {""value"": ""1432"", ""count"": 1}, {""value"": ""1646"", ""count"": 1}]"
cvcs-xecj,Number of Hospitals Better,string,string,14,0,0.0,3,12,11,11,1.0,0,11,,"[{""value"": ""Not Applicable"", ""count"": 3}, {""value"": ""159"", ""count"": 1}, {""value"": ""12"", ""count"": 1}, {""value"": ""15"", ""count"": 1}, {""value"": ""25"", ""count"": 1}]"
cvcs-xecj,Number of Hospitals Fewer,string,string,14,0,0.0,11,4,3,3,1.0,0,3,,"[{""value"": ""Not Applicable"", ""count"": 11}, {""value"": ""278"", ""count"": 1}, {""value"": ""767"", ""count"": 1}, {""value"": ""789"", ""count"": 1}]"
cvcs-xecj,Number of Hospitals More,string,string,14,0,0.0,11,4,3,3,1.0,0,3,,"[{""value"": ""Not Applicable"", ""count"": 11}, {""value"": ""551"", ""count"": 1}, {""value"": ""1034"", ""count"": 1}, {""value"": ""1315"", ""count"": 1}]"
cvcs-xecj,Number of Hospitals Same,string,string,14,0,0.0,3,12,11,11,1.0,0,11,,"[{""value"": ""Not Applicable"", ""count"": 3}, {""value"": ""3970"", ""count"": 1}, {""value"": ""3152"", ""count"": 1}, {""value"": ""1430"", ""count"": 1}, {""value"": ""1474"", ""count"": 1}]"
cvcs-xecj,Number of Hospitals Too Few,string,string,14,0,0.0,3,11,11,11,1.0,0,11,,"[{""value"": ""Not Applicable"", ""count"": 3}, {""value"": ""1881"", ""count"": 2}, {""value"": ""320"", ""count"": 1}, {""value"": ""452"", ""count"": 1}, {""value"": ""868"", ""count"": 1}]"
cvcs-xecj,Number of Hospitals Too Small,string,string,14,0,0.0,11,4,3,3,1.0,0,3,,"[{""value"": ""Not Applicable"", ""count"": 11}, {""value"": ""2149"", ""count"": 1}, {""value"": ""1271"", ""count"": 1}, {""value"": ""816"", ""count"": 1}]"
cvcs-xecj,Number of Hospitals Worse,string,string,14,0,0.0,3,11,11,11,1.0,0,11,,"[{""value"": ""Not Applicable"", ""count"": 3}, {""value"": ""9"", ""count"": 2}, {""value"": ""185"", ""count"": 1}, {""value"": ""3"", ""count"": 1}, {""value"": ""70"", ""count"": 1}]"
cvcs-xecj,Start Date,string,date-like,14,0,0.0,0,4,0,14,0.0,14,14,1.0,"[{""value"": ""07/01/2021"", ""count"": 9}, {""value"": ""01/01/2024"", ""count"": 3}, {""value"": ""07/01/2023"", ""count"": 1}, {""value"": ""01/01/2022"", ""count"": 1}]"
xubh-q36u,Address,string,string,5432,0,0.0,0,5398,0,5432,0.0,0,5432,,"[{""value"": ""100 HOSPITAL DRIVE"", ""count"": 7}, {""value"": ""200 HOSPITAL DRIVE"", ""count"": 4}, {""value"": ""1 MEDICAL CENTER DRIVE"", ""count"": 3}, {""value"": ""100 MEDICAL CENTER DRIVE"", ""count"": 3}, {""value"": ""ONE HOSPITAL DRIVE"", ""count"": 3}]"
xubh-q36u,City/Town,string,string,5432,0,0.0,0,3048,0,5432,0.0,0,5432,,"[{""value"": ""CHICAGO"", ""count"": 34}, {""value"": ""HOUSTON"", ""count"": 31}, {""value"": ""COLUMBUS"", ""count"": 23}, {""value"": ""PHILADELPHIA"", ""count"": 23}, {""value"": ""PHOENIX"", ""count"": 22}]"
xubh-q36u,Count of Facility MORT Measures,string,string,5432,0,0.0,1327,9,4105,4105,1.0,0,4105,,"[{""value"": ""Not Available"", ""count"": 1327}, {""value"": ""8"", ""count"": 847}, {""value"": ""7"", ""count"": 561}, {""value"": ""2"", ""count"": 502}, {""value"": ""1"", ""count"": 467}]"
xubh-q36u,Count of Facility Pt Exp Measures,string,string,5432,0,0.0,1957,4,3475,3475,1.0,0,3475,,"[{""value"": ""15"", ""count"": 2747}, {""value"": ""Not Available"", ""count"": 1957}, {""value"": ""10"", ""count"": 380}, {""value"": ""5"", ""count"": 348}]"
xubh-q36u,Count of Facility READM Measures,string,string,5432,0,0.0,1156,12,4276,4276,1.0,0,4276,,"[{""value"": ""Not Available"", ""count"": 1156}, {""value"": ""11"", ""count"": 478}, {""value"": ""8"", ""count"": 463}, {""value"": ""6"", ""count"": 455}, {""value"": ""9"", ""count"": 411}]"
xubh-q36u,Count of Facility Safety Measures,string,string,5432,0,0.0,2078,9,3354,3354,1.0,0,3354,,"[{""value"": ""Not Available"", ""count"": 2078}, {""value"": ""7"", ""count"": 747}, {""value"": ""2"", ""count"": 548}, {""value"": ""6"", ""count"": 454}, {""value"": ""1"", ""count"": 445}]"
xubh-q36u,Count of Facility TE Measures,string,string,5432,0,0.0,921,11,4511,4511,1.0,0,4511,,"[{""value"": ""8"", ""count"": 922}, {""value"": ""Not Available"", ""count"": 921}, {""value"": ""9"", ""count"": 827}, {""value"": ""7"", ""count"": 682}, {""value"": ""5"", ""count"": 437}]"
xubh-q36u,Count of MORT Measures Better,string,string,5432,0,0.0,1327,10,4105,4105,1.0,0,4105,,"[{""value"": ""0"", ""count"": 3514}, {""value"": ""Not Available"", ""count"": 1327}, {""value"": ""1"", ""count"": 289}, {""value"": ""2"", ""count"": 157}, {""value"": ""3"", ""count"": 88}]"
xubh-q36u,Count of MORT Measures No Different,string,string,5432,0,0.0,1327,10,4105,4105,1.0,0,4105,,"[{""value"": ""Not Available"", ""count"": 1327}, {""value"": ""7"", ""count"": 581}, {""value"": ""2"", ""count"": 556}, {""value"": ""6"", ""count"": 542}, {""value"": ""5"", ""count"": 522}]"
xubh-q36u,Count of MORT Measures Worse,string,string,5432,0,0.0,1327,7,4105,4105,1.0,0,4105,,"[{""value"": ""0"", ""count"": 3627}, {""value"": ""Not Available"", ""count"": 1327}, {""value"": ""1"", ""count"": 372}, {""value"": ""2"", ""count"": 81}, {""value"": ""3"", ""count"": 18}]"
xubh-q36u,Count of READM Measures Better,string,string,5432,0,0.0,1156,8,4276,4276,1.0,0,4276,,"[{""value"": ""0"", ""count"": 2590}, {""value"": ""1"", ""count"": 1218}, {""value"": ""Not Available"", ""count"": 1156}, {""value"": ""2"", ""count"": 336}, {""value"": ""3"", ""count"": 89}]"
xubh-q36u,Count of READM Measures No Different,string,string,5432,0,0.0,1156,13,4276,4276,1.0,0,4276,,"[{""value"": ""Not Available"", ""count"": 1156}, {""value"": ""6"", ""count"": 525}, {""value"": ""7"", ""count"": 525}, {""value"": ""5"", ""count"": 518}, {""value"": ""4"", ""count"": 492}]"
xubh-q36u,Count of READM Measures Worse,string,string,5432,0,0.0,1156,9,4276,4276,1.0,0,4276,,"[{""value"": ""0"", ""count"": 2204}, {""value"": ""1"", ""count"": 1164}, {""value"": ""Not Available"", ""count"": 1156}, {""value"": ""2"", ""count"": 586}, {""value"": ""3"", ""count"": 225}]"
xubh-q36u,Count of Safety Measures Better,string,string,5432,0,0.0,2078,8,3354,3354,1.0,0,3354,,"[{""value"": ""Not Available"", ""count"": 2078}, {""value"": ""0"", ""count"": 1500}, {""value"": ""1"", ""count"": 1013}, {""value"": ""2"", ""count"": 441}, {""value"": ""3"", ""count"": 259}]"
xubh-q36u,Count of Safety Measures No Different,string,string,5432,0,0.0,2078,10,3354,3354,1.0,0,3354,,"[{""value"": ""Not Available"", ""count"": 2078}, {""value"": ""5"", ""count"": 640}, {""value"": ""2"", ""count"": 590}, {""value"": ""4"", ""count"": 558}, {""value"": ""1"", ""count"": 516}]"
xubh-q36u,Count of Safety Measures Worse,string,string,5432,0,0.0,2078,5,3354,3354,1.0,0,3354,,"[{""value"": ""0"", ""count"": 3003}, {""value"": ""Not Available"", ""count"": 2078}, {""value"": ""1"", ""count"": 311}, {""value"": ""2"", ""count"": 38}, {""value"": ""3"", ""count"": 2}]"
xubh-q36u,County/Parish,string,string,5432,0,0.0,0,1555,0,5432,0.0,0,5432,,"[{""value"": ""LOS ANGELES"", ""count"": 88}, {""value"": ""JEFFERSON"", ""count"": 59}, {""value"": ""COOK"", ""count"": 59}, {""value"": ""MONTGOMERY"", ""count"": 55}, {""value"": ""WASHINGTON"", ""count"": 53}]"
xubh-q36u,Emergency Services,string,string,5432,0,0.0,0,2,0,5432,0.0,0,5432,,"[{""value"": ""Yes"", ""count"": 4498}, {""value"": ""No"", ""count"": 934}]"
xubh-q36u,Facility ID,string,string,5432,0,0.0,0,5432,5268,5432,0.9698085419734904,0,5432,,"[{""value"": ""010001"", ""count"": 1}, {""value"": ""010005"", ""count"": 1}, {""value"": ""010006"", ""count"": 1}, {""value"": ""010007"", ""count"": 1}, {""value"": ""010011"", ""count"": 1}]"
xubh-q36u,Facility Name,string,string,5432,0,0.0,0,5301,0,5432,0.0,0,5432,,"[{""value"": ""MEMORIAL HOSPITAL"", ""count"": 12}, {""value"": ""COMMUNITY MEMORIAL HOSPITAL"", ""count"": 5}, {""value"": ""HOLY CROSS HOSPITAL"", ""count"": 4}, {""value"": ""MERCY MEDICAL CENTER"", ""count"": 4}, {""value"": ""MEMORIAL MEDICAL CENTER"", ""count"": 4}]"
xubh-q36u,Hospital Ownership,string,string,5432,0,0.0,0,12,0,5432,0.0,0,5432,,"[{""value"": ""Voluntary non-profit - Private"", ""count"": 2316}, {""value"": ""Proprietary"", ""count"": 1067}, {""value"": ""Government - Hospital District or Authority"", ""count"": 516}, {""value"": ""Government - Local"", ""count"": 397}, {""value"": ""Voluntary non-profit - Other"", ""count"": 355}]"
xubh-q36u,Hospital Type,string,string,5432,0,0.0,0,8,0,5432,0.0,0,5432,,"[{""value"": ""Acute Care Hospitals"", ""count"": 3115}, {""value"": ""Critical Access Hospitals"", ""count"": 1378}, {""value"": ""Psychiatric"", ""count"": 635}, {""value"": ""Acute Care - Veterans Administration"", ""count"": 132}, {""value"": ""Childrens"", ""count"": 94}]"
xubh-q36u,Hospital overall rating,string,numeric-like,5432,0,0.0,2250,6,3182,3182,1.0,0,3182,,"[{""value"": ""Not Available"", ""count"": 2250}, {""value"": ""3"", ""count"": 987}, {""value"": ""4"", ""count"": 950}, {""value"": ""2"", ""count"": 662}, {""value"": ""5"", ""count"": 384}]"
xubh-q36u,Hospital overall rating footnote,string,numeric-like,5432,3111,0.5727172312223858,0,8,2318,2321,0.998707453683757,0,2321,,"[{""value"": ""16"", ""count"": 1341}, {""value"": ""19"", ""count"": 810}, {""value"": ""5"", ""count"": 63}, {""value"": ""29"", ""count"": 60}, {""value"": ""22"", ""count"": 32}]"
xubh-q36u,MORT Group Footnote,string,string,5432,4032,0.7422680412371134,0,5,1400,1400,1.0,0,1400,,"[{""value"": ""19"", ""count"": 810}, {""value"": ""5"", ""count"": 485}, {""value"": ""29"", ""count"": 66}, {""value"": ""22"", ""count"": 32}, {""value"": ""23"", ""count"": 7}]"
xubh-q36u,MORT Group Measure Count,string,string,5432,0,0.0,854,2,4578,4578,1.0,0,4578,,"[{""value"": ""8"", ""count"": 4578}, {""value"": ""Not Available"", ""count"": 854}]"
xubh-q36u,Meets criteria for birthing friendly designation,string,string,5432,3169,0.5833946980854198,0,1,0,2263,0.0,0,2263,,"[{""value"": ""Y"", ""count"": 2263}]"
xubh-q36u,Pt Exp Group Footnote,string,string,5432,3414,0.6284977908689249,0,4,2018,2018,1.0,0,2018,,"[{""value"": ""5"", ""count"": 1118}, {""value"": ""19"", ""count"": 810}, {""value"": ""29"", ""count"": 58}, {""value"": ""22"", ""count"": 32}]"
xubh-q36u,Pt Exp Group Measure Count,string,string,5432,0,0.0,854,2,4578,4578,1.0,0,4578,,"[{""value"": ""15"", ""count"": 4578}, {""value"": ""Not Available"", ""count"": 854}]"
xubh-q36u,READM Group Footnote,string,string,5432,4208,0.7746686303387335,0,5,1224,1224,1.0,0,1224,,"[{""value"": ""19"", ""count"": 810}, {""value"": ""5"", ""count"": 314}, {""value"": ""29"", ""count"": 67}, {""value"": ""22"", ""count"": 32}, {""value"": ""23"", ""count"": 1}]"
xubh-q36u,READM Group Measure Count,string,string,5432,0,0.0,854,2,4578,4578,1.0,0,4578,,"[{""value"": ""11"", ""count"": 4578}, {""value"": ""Not Available"", ""count"": 854}]"
xubh-q36u,Safety Group Footnote,string,string,5432,3280,0.6038291605301914,0,6,2152,2152,1.0,0,2152,,"[{""value"": ""5"", ""count"": 1236}, {""value"": ""19"", ""count"": 810}, {""value"": ""29"", ""count"": 60}, {""value"": ""22"", ""count"": 32}, {""value"": ""23"", ""count"": 13}]"
xubh-q36u,Safety Group Measure Count,string,string,5432,0,0.0,854,2,4578,4578,1.0,0,4578,,"[{""value"": ""8"", ""count"": 4578}, {""value"": ""Not Available"", ""count"": 854}]"
xubh-q36u,State,string,string,5432,0,0.0,0,56,0,5432,0.0,0,5432,,"[{""value"": ""TX"", ""count"": 468}, {""value"": ""CA"", ""count"": 378}, {""value"": ""FL"", ""count"": 221}, {""value"": ""OH"", ""count"": 196}, {""value"": ""IL"", ""count"": 194}]"
xubh-q36u,TE Group Footnote,string,string,5432,4422,0.8140648011782032,0,5,1010,1010,1.0,0,1010,,"[{""value"": ""19"", ""count"": 810}, {""value"": ""29"", ""count"": 68}, {""value"": ""5"", ""count"": 64}, {""value"": ""16"", ""count"": 36}, {""value"": ""22"", ""count"": 32}]"
xubh-q36u,TE Group Measure Count,string,string,5432,0,0.0,854,2,4578,4578,1.0,0,4578,,"[{""value"": ""10"", ""count"": 4578}, {""value"": ""Not Available"", ""count"": 854}]"
xubh-q36u,Telephone Number,string,string,5432,0,0.0,0,5393,0,5432,0.0,0,5432,,"[{""value"": ""(469) 341-7800"", ""count"": 4}, {""value"": ""(615) 861-6000"", ""count"": 3}, {""value"": ""(248) 905-5091"", ""count"": 3}, {""value"": ""(813) 615-7219"", ""count"": 3}, {""value"": ""(334) 684-3655"", ""count"": 2}]"
xubh-q36u,ZIP Code,string,string,5432,0,0.0,0,4724,5432,5432,1.0,0,5432,,"[{""value"": ""77030"", ""count"": 7}, {""value"": ""99508"", ""count"": 5}, {""value"": ""72205"", ""count"": 5}, {""value"": ""48201"", ""count"": 5}, {""value"": ""39216"", ""count"": 5}]"
ypbt-wvdk,Address,string,string,2455,0,0.0,0,2450,0,2455,0.0,0,2455,,"[{""value"": ""100 HOSPITAL DRIVE"", ""count"": 3}, {""value"": ""ONE HOSPITAL DRIVE"", ""count"": 3}, {""value"": ""100 MEDICAL CENTER DRIVE"", ""count"": 2}, {""value"": ""1108 ROSS CLARK CIRCLE"", ""count"": 1}, {""value"": ""2505 U S HIGHWAY 431 NORTH"", ""count"": 1}]"
ypbt-wvdk,City/Town,string,string,2455,0,0.0,0,1577,0,2455,0.0,0,2455,,"[{""value"": ""CHICAGO"", ""count"": 15}, {""value"": ""HOUSTON"", ""count"": 15}, {""value"": ""LOS ANGELES"", ""count"": 13}, {""value"": ""COLUMBUS"", ""count"": 12}, {""value"": ""PHOENIX"", ""count"": 11}]"
ypbt-wvdk,County/Parish,string,string,2455,0,0.0,0,879,0,2455,0.0,0,2455,,"[{""value"": ""LOS ANGELES"", ""count"": 64}, {""value"": ""MARICOPA"", ""count"": 29}, {""value"": ""JEFFERSON"", ""count"": 28}, {""value"": ""ORANGE"", ""count"": 28}, {""value"": ""COOK"", ""count"": 28}]"
ypbt-wvdk,Facility ID,string,string,2455,0,0.0,0,2455,2455,2455,1.0,0,2455,,"[{""value"": ""010001"", ""count"": 1}, {""value"": ""010005"", ""count"": 1}, {""value"": ""010006"", ""count"": 1}, {""value"": ""010012"", ""count"": 1}, {""value"": ""010016"", ""count"": 1}]"
ypbt-wvdk,Facility Name,string,string,2455,0,0.0,0,2406,0,2455,0.0,0,2455,,"[{""value"": ""MERCY MEDICAL CENTER"", ""count"": 4}, {""value"": ""MEMORIAL HOSPITAL"", ""count"": 4}, {""value"": ""SAINT FRANCIS MEDICAL CENTER"", ""count"": 3}, {""value"": ""ST MARY MEDICAL CENTER"", ""count"": 3}, {""value"": ""GOOD SAMARITAN HOSPITAL"", ""count"": 3}]"
ypbt-wvdk,Fiscal Year,string,string,2455,0,0.0,0,1,2455,2455,1.0,0,2455,,"[{""value"": ""2026"", ""count"": 2455}]"
ypbt-wvdk,State,string,string,2455,0,0.0,0,50,0,2455,0.0,0,2455,,"[{""value"": ""CA"", ""count"": 250}, {""value"": ""TX"", ""count"": 179}, {""value"": ""FL"", ""count"": 154}, {""value"": ""PA"", ""count"": 118}, {""value"": ""NY"", ""count"": 113}]"
ypbt-wvdk,Total Performance Score,string,numeric-like,2455,0,0.0,0,795,2455,2455,1.0,0,2455,,"[{""value"": ""27.500000000000"", ""count"": 16}, {""value"": ""31.250000000000"", ""count"": 16}, {""value"": ""30.250000000000"", ""count"": 16}, {""value"": ""31.000000000000"", ""count"": 12}, {""value"": ""23.500000000000"", ""count"": 12}]"
ypbt-wvdk,Unweighted Normalized Clinical Outcomes Domain Score,string,numeric-like,2455,0,0.0,68,108,2387,2387,1.0,0,2387,,"[{""value"": ""0.000000000000"", ""count"": 265}, {""value"": ""10.000000000000"", ""count"": 143}, {""value"": ""20.000000000000"", ""count"": 116}, {""value"": ""30.000000000000"", ""count"": 85}, {""value"": ""Not Available"", ""count"": 68}]"
ypbt-wvdk,Unweighted Normalized Efficiency And Cost Reduction Domain Score,string,numeric-like,2455,0,0.0,1,12,2454,2454,1.0,0,2454,,"[{""value"": ""0.000000000000"", ""count"": 1064}, {""value"": ""10.000000000000"", ""count"": 334}, {""value"": ""20.000000000000"", ""count"": 265}, {""value"": ""30.000000000000"", ""count"": 230}, {""value"": ""40.000000000000"", ""count"": 161}]"
ypbt-wvdk,Unweighted Normalized Safety Domain Score,string,numeric-like,2455,0,0.0,55,114,2400,2400,1.0,0,2400,,"[{""value"": ""50.000000000000"", ""count"": 126}, {""value"": ""30.000000000000"", ""count"": 107}, {""value"": ""33.333333333333"", ""count"": 85}, {""value"": ""40.000000000000"", ""count"": 81}, {""value"": ""36.666666666667"", ""count"": 76}]"
ypbt-wvdk,Unweighted Person And Community Engagement Domain Score,string,numeric-like,2455,0,0.0,32,102,2423,2423,1.0,0,2423,,"[{""value"": ""36.000000000000"", ""count"": 61}, {""value"": ""19.000000000000"", ""count"": 59}, {""value"": ""24.000000000000"", ""count"": 59}, {""value"": ""25.000000000000"", ""count"": 59}, {""value"": ""27.000000000000"", ""count"": 57}]"
ypbt-wvdk,Weighted Efficiency And Cost Reduction Domain Score,string,numeric-like,2455,0,0.0,1,20,2454,2454,1.0,0,2454,,"[{""value"": ""0.000000000000"", ""count"": 1064}, {""value"": ""2.500000000000"", ""count"": 320}, {""value"": ""5.000000000000"", ""count"": 255}, {""value"": ""7.500000000000"", ""count"": 213}, {""value"": ""10.000000000000"", ""count"": 166}]"
ypbt-wvdk,Weighted Normalized Clinical Outcomes Domain Score,string,numeric-like,2455,0,0.0,68,117,2387,2387,1.0,0,2387,,"[{""value"": ""0.000000000000"", ""count"": 265}, {""value"": ""2.500000000000"", ""count"": 139}, {""value"": ""5.000000000000"", ""count"": 116}, {""value"": ""7.500000000000"", ""count"": 83}, {""value"": ""Not Available"", ""count"": 68}]"
ypbt-wvdk,Weighted Person And Community Engagement Domain Score,string,numeric-like,2455,0,0.0,32,154,2423,2423,1.0,0,2423,,"[{""value"": ""9.000000000000"", ""count"": 61}, {""value"": ""6.000000000000"", ""count"": 58}, {""value"": ""4.750000000000"", ""count"": 57}, {""value"": ""6.250000000000"", ""count"": 57}, {""value"": ""6.750000000000"", ""count"": 55}]"
ypbt-wvdk,Weighted Safety Domain Score,string,numeric-like,2455,0,0.0,55,142,2400,2400,1.0,0,2400,,"[{""value"": ""12.500000000000"", ""count"": 115}, {""value"": ""7.500000000000"", ""count"": 106}, {""value"": ""8.333333333333"", ""count"": 85}, {""value"": ""10.000000000000"", ""count"": 81}, {""value"": ""9.166666666667"", ""count"": 73}]"
ypbt-wvdk,ZIP Code,string,string,2455,0,0.0,0,2324,2455,2455,1.0,0,2455,,"[{""value"": ""76104"", ""count"": 4}, {""value"": ""77030"", ""count"": 4}, {""value"": ""99508"", ""count"": 3}, {""value"": ""72205"", ""count"": 3}, {""value"": ""93301"", ""count"": 3}]"
