check_id,run_id,table_name,check_name,expected_value,actual_value,status,severity,details,checked_at
provider_21f6a4a0a1,provider_profile_2026-07-29_2026-07-29T22:43:12,4gkm-5ypv,candidate_grain_unique,0,0,PASS,Critical,Candidate key: State + Measure ID + Start Date + End Date; duplicate groups: 0.,2026-07-29T22:43:12+00:00
provider_0aa77268af,provider_profile_2026-07-29_2026-07-29T22:43:12,4gkm-5ypv,candidate_key_complete,0,0,PASS,Critical,"Blank means an empty source string, not a suppressed score.",2026-07-29T22:43:12+00:00
provider_bb97cf8764,provider_profile_2026-07-29_2026-07-29T22:43:12,4gkm-5ypv,column_count_reconciles_to_manifest,14,14,PASS,Critical,Column names are preserved exactly as published.,2026-07-29T22:43:12+00:00
provider_f1eb5c7253,provider_profile_2026-07-29_2026-07-29T22:43:12,4gkm-5ypv,row_count_reconciles_to_manifest,784,784,PASS,Critical,CSV data rows exclude the header.,2026-07-29T22:43:12+00:00
provider_4b2098245c,provider_profile_2026-07-29_2026-07-29T22:43:12,4gkm-5ypv,source_hash_matches_manifest,09ac5d707205c1f61bedb7b017c7de693222cda79a2f3b2fe81b0b8d623a9523,09ac5d707205c1f61bedb7b017c7de693222cda79a2f3b2fe81b0b8d623a9523,PASS,Critical,Raw file SHA-256 is recalculated before profiling.,2026-07-29T22:43:12+00:00
provider_a5616909ba,provider_profile_2026-07-29_2026-07-29T22:43:12,4gkm-5ypv,suppression_text_preserved,raw text retained; never coerced to zero,"{""not applicable"": 3136, ""not available"": 224}",PASS,Critical,All raw fields were ingested as strings with NA coercion disabled.,2026-07-29T22:43:12+00:00
provider_5d1ce126d3,provider_profile_2026-07-29_2026-07-29T22:43:12,632h-zaca,candidate_grain_unique,0,0,PASS,Critical,Candidate key: Facility ID + Measure ID + Start Date + End Date; duplicate groups: 0.,2026-07-29T22:43:12+00:00
provider_123bb2e88f,provider_profile_2026-07-29_2026-07-29T22:43:12,632h-zaca,candidate_key_complete,0,0,PASS,Critical,"Blank means an empty source string, not a suppressed score.",2026-07-29T22:43:12+00:00
provider_4e7874e6e8,provider_profile_2026-07-29_2026-07-29T22:43:12,632h-zaca,column_count_reconciles_to_manifest,20,20,PASS,Critical,Column names are preserved exactly as published.,2026-07-29T22:43:12+00:00
provider_700e2ff705,provider_profile_2026-07-29_2026-07-29T22:43:12,632h-zaca,facility_id_six_character_string,0,0,PASS,Critical,Facility IDs were ingested as strings; 10514 row values begin with zero and 2296 row values are six-character federal VA/DoD identifiers rather than numeric CCNs.,2026-07-29T22:43:12+00:00
provider_61e43ff688,provider_profile_2026-07-29_2026-07-29T22:43:12,632h-zaca,row_count_reconciles_to_manifest,67088,67088,PASS,Critical,CSV data rows exclude the header.,2026-07-29T22:43:12+00:00
provider_f35bffd75c,provider_profile_2026-07-29_2026-07-29T22:43:12,632h-zaca,source_hash_matches_manifest,6f8f59fed5a56e78868d8a4d73f1a78341168cc07f3536b72be952f35c76751d,6f8f59fed5a56e78868d8a4d73f1a78341168cc07f3536b72be952f35c76751d,PASS,Critical,Raw file SHA-256 is recalculated before profiling.,2026-07-29T22:43:12+00:00
provider_85953e63c9,provider_profile_2026-07-29_2026-07-29T22:43:12,632h-zaca,suppression_text_preserved,raw text retained; never coerced to zero,"{""not applicable"": 105424, ""not available"": 155498, ""number of cases too small"": 15869}",PASS,Critical,All raw fields were ingested as strings with NA coercion disabled.,2026-07-29T22:43:12+00:00
provider_b1ca5c6a30,provider_profile_2026-07-29_2026-07-29T22:43:12,9n3s-kdb3,candidate_grain_unique,0,0,PASS,Critical,Candidate key: Facility ID + Measure Name + Start Date + End Date; duplicate groups: 0.,2026-07-29T22:43:12+00:00
provider_6df88309dd,provider_profile_2026-07-29_2026-07-29T22:43:12,9n3s-kdb3,candidate_key_complete,0,0,PASS,Critical,"Blank means an empty source string, not a suppressed score.",2026-07-29T22:43:12+00:00
provider_8c5ddb7904,provider_profile_2026-07-29_2026-07-29T22:43:12,9n3s-kdb3,column_count_reconciles_to_manifest,12,12,PASS,Critical,Column names are preserved exactly as published.,2026-07-29T22:43:12+00:00
provider_d783c58b28,provider_profile_2026-07-29_2026-07-29T22:43:12,9n3s-kdb3,facility_id_six_character_string,0,0,PASS,Critical,Facility IDs were ingested as strings; 3354 row values begin with zero and 0 row values are six-character federal VA/DoD identifiers rather than numeric CCNs.,2026-07-29T22:43:12+00:00
provider_8de3ae5156,provider_profile_2026-07-29_2026-07-29T22:43:12,9n3s-kdb3,row_count_reconciles_to_manifest,18330,18330,PASS,Critical,CSV data rows exclude the header.,2026-07-29T22:43:12+00:00
provider_13003c148a,provider_profile_2026-07-29_2026-07-29T22:43:12,9n3s-kdb3,source_hash_matches_manifest,7e7915dd2751a1e59ac46dbc9194fb781e820962a04d47c31344ea2bb30c91f6,7e7915dd2751a1e59ac46dbc9194fb781e820962a04d47c31344ea2bb30c91f6,PASS,Critical,Raw file SHA-256 is recalculated before profiling.,2026-07-29T22:43:12+00:00
provider_17778f7f62,provider_profile_2026-07-29_2026-07-29T22:43:12,9n3s-kdb3,suppression_text_preserved,raw text retained; never coerced to zero,"{""n/a"": 36528, ""too few to report"": 3683}",PASS,Critical,All raw fields were ingested as strings with NA coercion disabled.,2026-07-29T22:43:12+00:00
provider_953fc77527,provider_profile_2026-07-29_2026-07-29T22:43:12,cvcs-xecj,candidate_grain_unique,0,0,PASS,Critical,Candidate key: Measure ID + Start Date + End Date; duplicate groups: 0.,2026-07-29T22:43:12+00:00
provider_edb1e6002c,provider_profile_2026-07-29_2026-07-29T22:43:12,cvcs-xecj,candidate_key_complete,0,0,PASS,Critical,"Blank means an empty source string, not a suppressed score.",2026-07-29T22:43:12+00:00
provider_1fc6ff38f4,provider_profile_2026-07-29_2026-07-29T22:43:12,cvcs-xecj,column_count_reconciles_to_manifest,14,14,PASS,Critical,Column names are preserved exactly as published.,2026-07-29T22:43:12+00:00
provider_710dcb3922,provider_profile_2026-07-29_2026-07-29T22:43:12,cvcs-xecj,row_count_reconciles_to_manifest,14,14,PASS,Critical,CSV data rows exclude the header.,2026-07-29T22:43:12+00:00
provider_f231395f1a,provider_profile_2026-07-29_2026-07-29T22:43:12,cvcs-xecj,source_hash_matches_manifest,0167c70db38f9449f798fedbecbd2918446063df5c7a58d715713b3fa6be14f6,0167c70db38f9449f798fedbecbd2918446063df5c7a58d715713b3fa6be14f6,PASS,Critical,Raw file SHA-256 is recalculated before profiling.,2026-07-29T22:43:12+00:00
provider_ef1f124c69,provider_profile_2026-07-29_2026-07-29T22:43:12,cvcs-xecj,suppression_text_preserved,raw text retained; never coerced to zero,"{""not applicable"": 60}",PASS,Critical,All raw fields were ingested as strings with NA coercion disabled.,2026-07-29T22:43:12+00:00
provider_77604b35a2,provider_profile_2026-07-29_2026-07-29T22:43:12,xubh-q36u,candidate_grain_unique,0,0,PASS,Critical,Candidate key: Facility ID; duplicate groups: 0.,2026-07-29T22:43:12+00:00
provider_13988d663a,provider_profile_2026-07-29_2026-07-29T22:43:12,xubh-q36u,candidate_key_complete,0,0,PASS,Critical,"Blank means an empty source string, not a suppressed score.",2026-07-29T22:43:12+00:00
provider_199417aca1,provider_profile_2026-07-29_2026-07-29T22:43:12,xubh-q36u,column_count_reconciles_to_manifest,38,38,PASS,Critical,Column names are preserved exactly as published.,2026-07-29T22:43:12+00:00
provider_32c91cc8fc,provider_profile_2026-07-29_2026-07-29T22:43:12,xubh-q36u,facility_id_six_character_string,0,0,PASS,Critical,Facility IDs were ingested as strings; 857 row values begin with zero and 164 row values are six-character federal VA/DoD identifiers rather than numeric CCNs.,2026-07-29T22:43:12+00:00
provider_a2bb5a1951,provider_profile_2026-07-29_2026-07-29T22:43:12,xubh-q36u,row_count_reconciles_to_manifest,5432,5432,PASS,Critical,CSV data rows exclude the header.,2026-07-29T22:43:12+00:00
provider_158731c7cf,provider_profile_2026-07-29_2026-07-29T22:43:12,xubh-q36u,source_hash_matches_manifest,83c98b2e8687580e0482b13e1e9acd5813534be243e5ccd9f55556a869595d40,83c98b2e8687580e0482b13e1e9acd5813534be243e5ccd9f55556a869595d40,PASS,Critical,Raw file SHA-256 is recalculated before profiling.,2026-07-29T22:43:12+00:00
provider_11b8ceb7e6,provider_profile_2026-07-29_2026-07-29T22:43:12,xubh-q36u,suppression_text_preserved,raw text retained; never coerced to zero,"{""not available"": 27642}",PASS,Critical,All raw fields were ingested as strings with NA coercion disabled.,2026-07-29T22:43:12+00:00
provider_765076db98,provider_profile_2026-07-29_2026-07-29T22:43:12,ypbt-wvdk,candidate_grain_unique,0,0,PASS,Critical,Candidate key: Facility ID + Fiscal Year; duplicate groups: 0.,2026-07-29T22:43:12+00:00
provider_f29c48aa2e,provider_profile_2026-07-29_2026-07-29T22:43:12,ypbt-wvdk,candidate_key_complete,0,0,PASS,Critical,"Blank means an empty source string, not a suppressed score.",2026-07-29T22:43:12+00:00
provider_fb632d840f,provider_profile_2026-07-29_2026-07-29T22:43:12,ypbt-wvdk,column_count_reconciles_to_manifest,17,17,PASS,Critical,Column names are preserved exactly as published.,2026-07-29T22:43:12+00:00
provider_073e93b0fc,provider_profile_2026-07-29_2026-07-29T22:43:12,ypbt-wvdk,facility_id_six_character_string,0,0,PASS,Critical,Facility IDs were ingested as strings; 465 row values begin with zero and 0 row values are six-character federal VA/DoD identifiers rather than numeric CCNs.,2026-07-29T22:43:12+00:00
provider_5633056a17,provider_profile_2026-07-29_2026-07-29T22:43:12,ypbt-wvdk,row_count_reconciles_to_manifest,2455,2455,PASS,Critical,CSV data rows exclude the header.,2026-07-29T22:43:12+00:00
provider_98f7b67541,provider_profile_2026-07-29_2026-07-29T22:43:12,ypbt-wvdk,source_hash_matches_manifest,68263e795e5cd228b63e9632f50b1613e409f3ff20d85fd0c114aed4085ee103,68263e795e5cd228b63e9632f50b1613e409f3ff20d85fd0c114aed4085ee103,PASS,Critical,Raw file SHA-256 is recalculated before profiling.,2026-07-29T22:43:12+00:00
provider_ed4c6c5dc9,provider_profile_2026-07-29_2026-07-29T22:43:12,ypbt-wvdk,suppression_text_preserved,raw text retained; never coerced to zero,"{""not available"": 312}",PASS,Critical,All raw fields were ingested as strings with NA coercion disabled.,2026-07-29T22:43:12+00:00
provider_e1c5fb66f1,provider_profile_2026-07-29_2026-07-29T22:43:12,4gkm-5ypv,candidate_grain_resolved,all candidate key columns present,State + Measure ID + Start Date + End Date,PASS,High,Candidate grain must be confirmed before fact modeling.,2026-07-29T22:43:12+00:00
provider_c667d90b43,provider_profile_2026-07-29_2026-07-29T22:43:12,4gkm-5ypv,exact_duplicate_rows,0,0,PASS,High,Counts every row participating in an exact duplicate.,2026-07-29T22:43:12+00:00
provider_62fb3edecd,provider_profile_2026-07-29_2026-07-29T22:43:12,4gkm-5ypv,measurement_period_order,0,0,PASS,High,Validated parsed start date <= parsed end date. HRRP fiscal year is also carried as program context from the official file name.,2026-07-29T22:43:12+00:00
provider_31f60f166e,provider_profile_2026-07-29_2026-07-29T22:43:12,4gkm-5ypv,schema_matches_baseline,"no added, removed, or reordered columns","{""added"": [], ""removed"": [], ""reordered"": false}",PASS,High,Column names and order are compared with the accepted Provider schema baseline.,2026-07-29T22:43:12+00:00
provider_98323dd7a9,provider_profile_2026-07-29_2026-07-29T22:43:12,4gkm-5ypv,source_release_date_recorded,nonblank,2026-05-13,PASS,High,Catalog release date is distinct from measurement period.,2026-07-29T22:43:12+00:00
provider_b73ad0cf87,provider_profile_2026-07-29_2026-07-29T22:43:12,632h-zaca,candidate_grain_resolved,all candidate key columns present,Facility ID + Measure ID + Start Date + End Date,PASS,High,Candidate grain must be confirmed before fact modeling.,2026-07-29T22:43:12+00:00
provider_aed5c57794,provider_profile_2026-07-29_2026-07-29T22:43:12,632h-zaca,exact_duplicate_rows,0,0,PASS,High,Counts every row participating in an exact duplicate.,2026-07-29T22:43:12+00:00
provider_670c90a324,provider_profile_2026-07-29_2026-07-29T22:43:12,632h-zaca,measurement_period_order,0,0,PASS,High,Validated parsed start date <= parsed end date. HRRP fiscal year is also carried as program context from the official file name.,2026-07-29T22:43:12+00:00
provider_21bab07c33,provider_profile_2026-07-29_2026-07-29T22:43:12,632h-zaca,schema_matches_baseline,"no added, removed, or reordered columns","{""added"": [], ""removed"": [], ""reordered"": false}",PASS,High,Column names and order are compared with the accepted Provider schema baseline.,2026-07-29T22:43:12+00:00
provider_59792a2152,provider_profile_2026-07-29_2026-07-29T22:43:12,632h-zaca,source_release_date_recorded,nonblank,2026-05-13,PASS,High,Catalog release date is distinct from measurement period.,2026-07-29T22:43:12+00:00
provider_587a84be80,provider_profile_2026-07-29_2026-07-29T22:43:12,9n3s-kdb3,candidate_grain_resolved,all candidate key columns present,Facility ID + Measure Name + Start Date + End Date,PASS,High,Candidate grain must be confirmed before fact modeling.,2026-07-29T22:43:12+00:00
provider_f7f57e5cb1,provider_profile_2026-07-29_2026-07-29T22:43:12,9n3s-kdb3,exact_duplicate_rows,0,0,PASS,High,Counts every row participating in an exact duplicate.,2026-07-29T22:43:12+00:00
provider_cc42bbc0d5,provider_profile_2026-07-29_2026-07-29T22:43:12,9n3s-kdb3,measurement_period_order,0,0,PASS,High,Validated parsed start date <= parsed end date. HRRP fiscal year is also carried as program context from the official file name.,2026-07-29T22:43:12+00:00
provider_17d73cb7b1,provider_profile_2026-07-29_2026-07-29T22:43:12,9n3s-kdb3,schema_matches_baseline,"no added, removed, or reordered columns","{""added"": [], ""removed"": [], ""reordered"": false}",PASS,High,Column names and order are compared with the accepted Provider schema baseline.,2026-07-29T22:43:12+00:00
provider_655b42cb51,provider_profile_2026-07-29_2026-07-29T22:43:12,9n3s-kdb3,source_release_date_recorded,nonblank,2026-05-13,PASS,High,Catalog release date is distinct from measurement period.,2026-07-29T22:43:12+00:00
provider_c73bf30193,provider_profile_2026-07-29_2026-07-29T22:43:12,cvcs-xecj,candidate_grain_resolved,all candidate key columns present,Measure ID + Start Date + End Date,PASS,High,Candidate grain must be confirmed before fact modeling.,2026-07-29T22:43:12+00:00
provider_36e767c257,provider_profile_2026-07-29_2026-07-29T22:43:12,cvcs-xecj,exact_duplicate_rows,0,0,PASS,High,Counts every row participating in an exact duplicate.,2026-07-29T22:43:12+00:00
provider_0196fcc46b,provider_profile_2026-07-29_2026-07-29T22:43:12,cvcs-xecj,measurement_period_order,0,0,PASS,High,Validated parsed start date <= parsed end date. HRRP fiscal year is also carried as program context from the official file name.,2026-07-29T22:43:12+00:00
provider_fff9215cb0,provider_profile_2026-07-29_2026-07-29T22:43:12,cvcs-xecj,schema_matches_baseline,"no added, removed, or reordered columns","{""added"": [], ""removed"": [], ""reordered"": false}",PASS,High,Column names and order are compared with the accepted Provider schema baseline.,2026-07-29T22:43:12+00:00
provider_6e4e039b9c,provider_profile_2026-07-29_2026-07-29T22:43:12,cvcs-xecj,source_release_date_recorded,nonblank,2026-05-13,PASS,High,Catalog release date is distinct from measurement period.,2026-07-29T22:43:12+00:00
provider_598fe4760b,provider_profile_2026-07-29_2026-07-29T22:43:12,xubh-q36u,candidate_grain_resolved,all candidate key columns present,Facility ID,PASS,High,Candidate grain must be confirmed before fact modeling.,2026-07-29T22:43:12+00:00
provider_fcb93c788f,provider_profile_2026-07-29_2026-07-29T22:43:12,xubh-q36u,exact_duplicate_rows,0,0,PASS,High,Counts every row participating in an exact duplicate.,2026-07-29T22:43:12+00:00
provider_8828174498,provider_profile_2026-07-29_2026-07-29T22:43:12,xubh-q36u,measurement_period_order,valid source release,2026-05-13,PASS,High,This source is a release-versioned facility dimension. Its overall rating summarizes underlying measures with differing collection periods; no row-level measurement dates are published.,2026-07-29T22:43:12+00:00
provider_38923a44e8,provider_profile_2026-07-29_2026-07-29T22:43:12,xubh-q36u,schema_matches_baseline,"no added, removed, or reordered columns","{""added"": [], ""removed"": [], ""reordered"": false}",PASS,High,Column names and order are compared with the accepted Provider schema baseline.,2026-07-29T22:43:12+00:00
provider_29b3429b88,provider_profile_2026-07-29_2026-07-29T22:43:12,xubh-q36u,source_release_date_recorded,nonblank,2026-05-13,PASS,High,Catalog release date is distinct from measurement period.,2026-07-29T22:43:12+00:00
provider_afee2e17fb,provider_profile_2026-07-29_2026-07-29T22:43:12,ypbt-wvdk,candidate_grain_resolved,all candidate key columns present,Facility ID + Fiscal Year,PASS,High,Candidate grain must be confirmed before fact modeling.,2026-07-29T22:43:12+00:00
provider_c349255880,provider_profile_2026-07-29_2026-07-29T22:43:12,ypbt-wvdk,exact_duplicate_rows,0,0,PASS,High,Counts every row participating in an exact duplicate.,2026-07-29T22:43:12+00:00
provider_60c4f42086,provider_profile_2026-07-29_2026-07-29T22:43:12,ypbt-wvdk,measurement_period_order,nonblank fiscal year,2026,PASS,High,HVBP TPS is keyed by Fiscal Year; the source does not publish start/end measurement dates in this file.,2026-07-29T22:43:12+00:00
provider_0c38a438f1,provider_profile_2026-07-29_2026-07-29T22:43:12,ypbt-wvdk,schema_matches_baseline,"no added, removed, or reordered columns","{""added"": [], ""removed"": [], ""reordered"": false}",PASS,High,Column names and order are compared with the accepted Provider schema baseline.,2026-07-29T22:43:12+00:00
provider_9f0a828909,provider_profile_2026-07-29_2026-07-29T22:43:12,ypbt-wvdk,source_release_date_recorded,nonblank,2026-05-13,PASS,High,Catalog release date is distinct from measurement period.,2026-07-29T22:43:12+00:00
provider_ea03edb017,provider_profile_2026-07-29_2026-07-29T22:43:12,4gkm-5ypv,footnote_columns_preserved,source footnote columns retained,1 columns; 56 rows,PASS,Medium,Expected presence is based on the April 2026 CMS Hospital Downloadable Database Data Dictionary.,2026-07-29T22:43:12+00:00
provider_7cb016eecf,provider_profile_2026-07-29_2026-07-29T22:43:12,4gkm-5ypv,numeric_field_parse_profile,reviewable numeric candidates profiled,0 candidates; 0 below 98% reportable parse rate,PASS,Medium,Suppression tokens and blanks are excluded from the denominator; no value is replaced with zero.,2026-07-29T22:43:12+00:00
provider_900e145c79,provider_profile_2026-07-29_2026-07-29T22:43:12,632h-zaca,footnote_columns_preserved,source footnote columns retained,1 columns; 32592 rows,PASS,Medium,Expected presence is based on the April 2026 CMS Hospital Downloadable Database Data Dictionary.,2026-07-29T22:43:12+00:00
provider_56962694b9,provider_profile_2026-07-29_2026-07-29T22:43:12,632h-zaca,numeric_field_parse_profile,reviewable numeric candidates profiled,3 candidates; 0 below 98% reportable parse rate,PASS,Medium,Suppression tokens and blanks are excluded from the denominator; no value is replaced with zero.,2026-07-29T22:43:12+00:00
provider_04fc1d273d,provider_profile_2026-07-29_2026-07-29T22:43:12,9n3s-kdb3,footnote_columns_preserved,source footnote columns retained,1 columns; 6987 rows,PASS,Medium,Expected presence is based on the April 2026 CMS Hospital Downloadable Database Data Dictionary.,2026-07-29T22:43:12+00:00
provider_55a58bae1b,provider_profile_2026-07-29_2026-07-29T22:43:12,9n3s-kdb3,numeric_field_parse_profile,reviewable numeric candidates profiled,5 candidates; 0 below 98% reportable parse rate,PASS,Medium,Suppression tokens and blanks are excluded from the denominator; no value is replaced with zero.,2026-07-29T22:43:12+00:00
provider_dc8fa9662d,provider_profile_2026-07-29_2026-07-29T22:43:12,cvcs-xecj,footnote_columns_preserved,source footnote columns retained,1 columns; 0 rows,PASS,Medium,Expected presence is based on the April 2026 CMS Hospital Downloadable Database Data Dictionary.,2026-07-29T22:43:12+00:00
provider_1c28c9bbeb,provider_profile_2026-07-29_2026-07-29T22:43:12,cvcs-xecj,numeric_field_parse_profile,reviewable numeric candidates profiled,1 candidates; 0 below 98% reportable parse rate,PASS,Medium,Suppression tokens and blanks are excluded from the denominator; no value is replaced with zero.,2026-07-29T22:43:12+00:00
provider_6e3938a9bc,provider_profile_2026-07-29_2026-07-29T22:43:12,xubh-q36u,footnote_columns_preserved,source footnote columns retained,6 columns; 2573 rows,PASS,Medium,Expected presence is based on the April 2026 CMS Hospital Downloadable Database Data Dictionary.,2026-07-29T22:43:12+00:00
provider_0d7aee5832,provider_profile_2026-07-29_2026-07-29T22:43:12,xubh-q36u,numeric_field_parse_profile,reviewable numeric candidates profiled,2 candidates; 0 below 98% reportable parse rate,PASS,Medium,Suppression tokens and blanks are excluded from the denominator; no value is replaced with zero.,2026-07-29T22:43:12+00:00
provider_7a7a4cc6df,provider_profile_2026-07-29_2026-07-29T22:43:12,ypbt-wvdk,footnote_columns_preserved,no footnote field expected in published schema,no footnote-named column in source schema,PASS,Medium,Expected presence is based on the April 2026 CMS Hospital Downloadable Database Data Dictionary.,2026-07-29T22:43:12+00:00
provider_dd18d7687b,provider_profile_2026-07-29_2026-07-29T22:43:12,ypbt-wvdk,numeric_field_parse_profile,reviewable numeric candidates profiled,9 candidates; 0 below 98% reportable parse rate,PASS,Medium,Suppression tokens and blanks are excluded from the denominator; no value is replaced with zero.,2026-07-29T22:43:12+00:00
